Date,Title,Link
2025-07-24T16:53:17+00:00,"Refurbished Apple Watch Series 10 GPS, 42 mm Aluminiumgehäuse Silber, M/L Sportarmband Denim - FWWC3QF/A - CHF 339.00",https://refurb-tracker.com/url/907674
2025-07-24T16:53:17+00:00,"Refurbished Apple Watch Series 10 GPS, 42 mm Aluminiumgehäuse Roségold, M/L Sportarmband Blassrosa - FWWJ3QF/A - CHF 339.00",https://refurb-tracker.com/url/907675
2025-07-24T16:53:17+00:00,"Refurbished Apple Watch Series 10 GPS, 46 mm Aluminiumgehäuse Silber, M/L Sportarmband Denim - FWWM3QF/A - CHF 359.00",https://refurb-tracker.com/url/907676
2025-07-24T16:53:17+00:00,"Refurbished Apple Watch Series 10 GPS, 46 mm Aluminiumgehäuse Roségold, M/L Sportarmband Blassrosa - FWWU3QF/A - CHF 359.00",https://refurb-tracker.com/url/907677
2025-07-24T16:53:17+00:00,"Refurbished Apple Watch Series 10 GPS + Cellular, 42 mm Aluminiumgehäuse Silber, S/M Sportarmband Denim - FWX33QF/A - CHF 419.00",https://refurb-tracker.com/url/907678
2025-07-31T15:47:45+00:00,"Refurbished Apple Watch Series 10 GPS, 42 mm Aluminiumgehäuse Diamantschwarz, M/L Sportarmband Schwarz - FWWF3QF/A - CHF 339.00",https://refurb-tracker.com/url/908139
2025-07-31T15:47:45+00:00,"Refurbished Apple Watch Series 10 GPS, 46 mm Aluminiumgehäuse Silber, S/M Sportarmband Denim - FWWL3QF/A - CHF 359.00",https://refurb-tracker.com/url/908140
2025-07-31T15:47:45+00:00,"Refurbished Apple Watch Series 10 GPS, 46 mm Aluminiumgehäuse Diamantschwarz, M/L Sportarmband Schwarz - FWWQ3QF/A - CHF 359.00",https://refurb-tracker.com/url/908141
2025-07-31T15:47:45+00:00,"Refurbished Apple Watch Series 10 GPS + Cellular, 42 mm Aluminiumgehäuse Diamantschwarz, M/L Sportarmband Schwarz - FWX73QF/A - CHF 419.00",https://refurb-tracker.com/url/908142
2025-07-31T15:47:45+00:00,"Refurbished Apple Watch Series 10 GPS + Cellular, 46 mm Aluminiumgehäuse Silber, S/M Sportarmband Denim - FWY03QF/A - CHF 439.00",https://refurb-tracker.com/url/908143
2025-07-31T15:47:45+00:00,"Refurbished Apple Watch Series 10 GPS + Cellular, 46 mm Aluminiumgehäuse Roségold, M/L Sportarmband Blassrosa - FWY73QF/A - CHF 439.00",https://refurb-tracker.com/url/908144
2025-07-31T15:47:45+00:00,"Refurbished Apple Watch Series 10 GPS + Cellular, 46 mm Titangehäuse Gold, M/L Sportarmband Polarstern - FWYY3QF/A - CHF 639.00",https://refurb-tracker.com/url/908145
2025-08-12T06:54:29+00:00,"Refurbished Apple Watch SE GPS, 40 mm Aluminiumgehäuse Mitternacht, S/M Sportarmband Mitternacht - FXE73QF/A - CHF 189.00",https://refurb-tracker.com/url/908806
2025-08-12T06:54:29+00:00,"Refurbished Apple Watch SE GPS, 40 mm Aluminiumgehäuse Polarstern, S/M Sportarmband Polarstern - FXEF3QF/A - CHF 189.00",https://refurb-tracker.com/url/908807
2025-08-12T06:54:29+00:00,"Refurbished Apple Watch SE GPS, 44 mm Aluminiumgehäuse Mitternacht, S/M Sportarmband Mitternacht - FXEJ3QF/A - CHF 219.00",https://refurb-tracker.com/url/908808
2025-08-12T06:54:29+00:00,"Refurbished Apple Watch SE GPS, 44 mm Aluminiumgehäuse Silber, S/M Sportarmband Denim - FXEQ3QF/A - CHF 219.00",https://refurb-tracker.com/url/908809
2025-08-12T06:54:29+00:00,"Refurbished Apple Watch SE GPS + Cellular, 40 mm Aluminiumgehäuse Polarstern, S/M Sportarmband Polarstern - FXGJ3QF/A - CHF 239.00",https://refurb-tracker.com/url/908810
2025-09-02T12:19:57+00:00,"Refurbished Apple Watch SE GPS, 40 mm Aluminiumgehäuse Silber, S/M Sportarmband Denim - FXEC3QF/A - CHF 189.00",https://refurb-tracker.com/url/909417
2025-09-02T12:19:57+00:00,"Refurbished Apple Watch SE GPS, 44 mm Aluminiumgehäuse Polarstern, S/M Sportarmband Polarstern - FXEU3QF/A - CHF 219.00",https://refurb-tracker.com/url/909418
2025-09-02T12:19:57+00:00,"Refurbished Apple Watch SE GPS + Cellular, 40 mm Aluminiumgehäuse Mitternacht, S/M Sportarmband Mitternacht - FXGC3QF/A - CHF 239.00",https://refurb-tracker.com/url/909419
2025-09-02T12:19:57+00:00,"Refurbished Apple Watch Series 10 GPS, 42 mm Aluminiumgehäuse Silber, S/M Sportarmband Denim - FWWA3QF/A - CHF 339.00",https://refurb-tracker.com/url/909420
2025-09-02T12:19:57+00:00,"Refurbished Apple Watch Series 10 GPS + Cellular, 42 mm Aluminiumgehäuse Roségold, S/M Sportarmband Blassrosa - FWX93QF/A - CHF 419.00",https://refurb-tracker.com/url/909421
2025-09-02T12:30:07+00:00,"Refurbished Apple Watch SE GPS + Cellular, 44 mm Aluminiumgehäuse Polarstern, S/M Sportarmband Polarstern - FXGT3QF/A - CHF 259.00",https://refurb-tracker.com/url/909452
2025-09-02T13:06:07+00:00,"Refurbished Apple Watch SE GPS + Cellular, 40 mm Aluminiumgehäuse Polarstern, S/M Sportarmband Polarstern - FXGJ3QF/A - CHF 239.00",https://refurb-tracker.com/url/908810
2025-09-06T12:05:30+00:00,"Refurbished Apple Watch Series 10 GPS + Cellular, 46 mm Aluminiumgehäuse Diamantschwarz, S/M Sportarmband Schwarz - FWY33QF/A - CHF 439.00",https://refurb-tracker.com/url/909566
2025-09-06T12:05:30+00:00,"Refurbished Apple Watch Series 10 GPS + Cellular, 42 mm Titangehäuse Natur, M/L Sportarmband Steingrau - FWXE3QF/A - CHF 589.00",https://refurb-tracker.com/url/909567
2025-09-06T12:05:30+00:00,"Refurbished Apple Watch Series 10 GPS + Cellular, 42 mm Titangehäuse Natur, M/L Sportarmband Steingrau - FWXE3QF/A - CHF 479.00",https://refurb-tracker.com/url/909567
2025-09-06T12:05:30+00:00,"Refurbished Apple Watch Series 10 GPS + Cellular, 46 mm Aluminiumgehäuse Diamantschwarz, S/M Sportarmband Schwarz - FWY33QF/A - CHF 379.00",https://refurb-tracker.com/url/909566
2025-09-02T13:06:07+00:00,"Refurbished Apple Watch SE GPS + Cellular, 40 mm Aluminiumgehäuse Polarstern, S/M Sportarmband Polarstern - FXGJ3QF/A - CHF 189.00",https://refurb-tracker.com/url/908810
2025-09-02T12:30:07+00:00,"Refurbished Apple Watch SE GPS + Cellular, 44 mm Aluminiumgehäuse Polarstern, S/M Sportarmband Polarstern - FXGT3QF/A - CHF 219.00",https://refurb-tracker.com/url/909452
2025-09-02T12:19:57+00:00,"Refurbished Apple Watch Series 10 GPS + Cellular, 42 mm Aluminiumgehäuse Roségold, S/M Sportarmband Blassrosa - FWX93QF/A - CHF 349.00",https://refurb-tracker.com/url/909421
2025-09-02T12:19:57+00:00,"Refurbished Apple Watch Series 10 GPS, 42 mm Aluminiumgehäuse Silber, S/M Sportarmband Denim - FWWA3QF/A - CHF 269.00",https://refurb-tracker.com/url/909420
2025-09-02T12:19:57+00:00,"Refurbished Apple Watch SE GPS + Cellular, 40 mm Aluminiumgehäuse Mitternacht, S/M Sportarmband Mitternacht - FXGC3QF/A - CHF 189.00",https://refurb-tracker.com/url/909419
2025-09-02T12:19:57+00:00,"Refurbished Apple Watch SE GPS, 44 mm Aluminiumgehäuse Polarstern, S/M Sportarmband Polarstern - FXEU3QF/A - CHF 169.00",https://refurb-tracker.com/url/909418
2025-09-02T12:19:57+00:00,"Refurbished Apple Watch SE GPS, 40 mm Aluminiumgehäuse Silber, S/M Sportarmband Denim - FXEC3QF/A - CHF 149.00",https://refurb-tracker.com/url/909417
2025-08-12T06:54:29+00:00,"Refurbished Apple Watch SE GPS, 44 mm Aluminiumgehäuse Silber, S/M Sportarmband Denim - FXEQ3QF/A - CHF 169.00",https://refurb-tracker.com/url/908809
2025-08-12T06:54:29+00:00,"Refurbished Apple Watch SE GPS, 44 mm Aluminiumgehäuse Mitternacht, S/M Sportarmband Mitternacht - FXEJ3QF/A - CHF 169.00",https://refurb-tracker.com/url/908808
2025-08-12T06:54:29+00:00,"Refurbished Apple Watch SE GPS, 40 mm Aluminiumgehäuse Polarstern, S/M Sportarmband Polarstern - FXEF3QF/A - CHF 149.00",https://refurb-tracker.com/url/908807
2025-08-12T06:54:29+00:00,"Refurbished Apple Watch SE GPS, 40 mm Aluminiumgehäuse Mitternacht, S/M Sportarmband Mitternacht - FXE73QF/A - CHF 149.00",https://refurb-tracker.com/url/908806
2025-07-31T15:47:45+00:00,"Refurbished Apple Watch Series 10 GPS + Cellular, 46 mm Titangehäuse Gold, M/L Sportarmband Polarstern - FWYY3QF/A - CHF 519.00",https://refurb-tracker.com/url/908145
2025-07-31T15:47:45+00:00,"Refurbished Apple Watch Series 10 GPS + Cellular, 46 mm Aluminiumgehäuse Roségold, M/L Sportarmband Blassrosa - FWY73QF/A - CHF 379.00",https://refurb-tracker.com/url/908144
2025-07-31T15:47:45+00:00,"Refurbished Apple Watch Series 10 GPS + Cellular, 46 mm Aluminiumgehäuse Silber, S/M Sportarmband Denim - FWY03QF/A - CHF 379.00",https://refurb-tracker.com/url/908143
2025-07-31T15:47:45+00:00,"Refurbished Apple Watch Series 10 GPS + Cellular, 42 mm Aluminiumgehäuse Diamantschwarz, M/L Sportarmband Schwarz - FWX73QF/A - CHF 349.00",https://refurb-tracker.com/url/908142
2025-07-31T15:47:45+00:00,"Refurbished Apple Watch Series 10 GPS, 46 mm Aluminiumgehäuse Diamantschwarz, M/L Sportarmband Schwarz - FWWQ3QF/A - CHF 289.00",https://refurb-tracker.com/url/908141
2025-07-31T15:47:45+00:00,"Refurbished Apple Watch Series 10 GPS, 46 mm Aluminiumgehäuse Silber, S/M Sportarmband Denim - FWWL3QF/A - CHF 289.00",https://refurb-tracker.com/url/908140
2025-07-31T15:47:45+00:00,"Refurbished Apple Watch Series 10 GPS, 42 mm Aluminiumgehäuse Diamantschwarz, M/L Sportarmband Schwarz - FWWF3QF/A - CHF 269.00",https://refurb-tracker.com/url/908139
2025-07-24T16:53:17+00:00,"Refurbished Apple Watch Series 10 GPS + Cellular, 42 mm Aluminiumgehäuse Silber, S/M Sportarmband Denim - FWX33QF/A - CHF 349.00",https://refurb-tracker.com/url/907678
2025-07-24T16:53:17+00:00,"Refurbished Apple Watch Series 10 GPS, 46 mm Aluminiumgehäuse Roségold, M/L Sportarmband Blassrosa - FWWU3QF/A - CHF 289.00",https://refurb-tracker.com/url/907677
2025-07-24T16:53:17+00:00,"Refurbished Apple Watch Series 10 GPS, 46 mm Aluminiumgehäuse Silber, M/L Sportarmband Denim - FWWM3QF/A - CHF 289.00",https://refurb-tracker.com/url/907676
2025-07-24T16:53:17+00:00,"Refurbished Apple Watch Series 10 GPS, 42 mm Aluminiumgehäuse Roségold, M/L Sportarmband Blassrosa - FWWJ3QF/A - CHF 269.00",https://refurb-tracker.com/url/907675
2025-07-24T16:53:17+00:00,"Refurbished Apple Watch Series 10 GPS, 42 mm Aluminiumgehäuse Silber, M/L Sportarmband Denim - FWWC3QF/A - CHF 269.00",https://refurb-tracker.com/url/907674
2025-09-12T12:27:35+00:00,"Refurbished Apple Watch Ultra 2 GPS + Cellular, 49 mm Titangehäuse Schwarz, Ocean Armband Schwarz - FX4P3FD/A - CHF 559.00",https://refurb-tracker.com/url/909626
2025-09-25T19:58:25+00:00,"Refurbished Apple Watch Series 10 GPS, 42 mm Aluminiumgehäuse Diamantschwarz, M/L Sportarmband Schwarz - FWWF3QF/A - CHF 269.00",https://refurb-tracker.com/url/908139
2025-09-28T18:57:41+00:00,"Refurbished Apple Watch Series 10 GPS, 42 mm Aluminiumgehäuse Diamantschwarz, M/L Sportarmband Schwarz - FWWF3QF/A - CHF 269.00",https://refurb-tracker.com/url/908139
2025-09-29T09:45:13+00:00,"Refurbished Apple Watch Series 10 GPS, 42 mm Aluminiumgehäuse Diamantschwarz, M/L Sportarmband Schwarz - FWWF3QF/A - CHF 269.00",https://refurb-tracker.com/url/908139
2025-10-07T08:07:58+00:00,"Refurbished Apple Watch SE GPS + Cellular, 40 mm Aluminiumgehäuse Mitternacht, S/M Sportarmband Mitternacht - FXGC3QF/A - CHF 189.00",https://refurb-tracker.com/url/909419
2025-10-07T12:12:17+00:00,"Refurbished Apple Watch SE GPS, 40 mm Aluminiumgehäuse Silber, M/L Sportarmband Denim - FXED3QF/A - CHF 149.00",https://refurb-tracker.com/url/909821
2025-10-07T12:12:17+00:00,"Refurbished Apple Watch SE GPS + Cellular, 40 mm Aluminiumgehäuse Silber, S/M Sportarmband Denim - FXGF3QF/A - CHF 189.00",https://refurb-tracker.com/url/909822
2025-10-07T12:12:17+00:00,"Refurbished Apple Watch SE GPS + Cellular, 40 mm Aluminiumgehäuse Silber, M/L Sportarmband Denim - FXGG3QF/A - CHF 189.00",https://refurb-tracker.com/url/909823
2025-10-07T12:12:17+00:00,"Refurbished Apple Watch Series 10 GPS + Cellular, 42 mm Aluminiumgehäuse Silber, M/L Sportarmband Denim - FWX43QF/A - CHF 349.00",https://refurb-tracker.com/url/909824
2025-10-07T12:12:17+00:00,"Refurbished Apple Watch Ultra 2 GPS + Cellular, 49 mm Titangehäuse Natur, Ocean Armband Marine - FX4D3FD/A - CHF 559.00",https://refurb-tracker.com/url/909825
2025-10-07T12:37:49+00:00,"Refurbished Apple Watch Series 10 GPS, 46 mm Aluminiumgehäuse Silber, S/M Sportarmband Denim - FWWL3QF/A - CHF 289.00",https://refurb-tracker.com/url/908140
2025-10-08T19:40:48+00:00,"Refurbished Apple Watch SE GPS + Cellular, 40 mm Aluminiumgehäuse Polarstern, S/M Sportarmband Polarstern - FXGJ3QF/A - CHF 189.00",https://refurb-tracker.com/url/908810
2025-10-09T12:03:13+00:00,"Refurbished Apple Watch Series 10 GPS + Cellular, 42 mm Titangehäuse Natur, M/L Sportarmband Steingrau - FWXE3QF/A - CHF 479.00",https://refurb-tracker.com/url/909567
2025-10-10T14:24:48+00:00,"Refurbished Apple Watch SE GPS + Cellular, 40 mm Aluminiumgehäuse Mitternacht, M/L Sportarmband Mitternacht - FXGD3QF/A - CHF 189.00",https://refurb-tracker.com/url/909892
2025-10-10T14:24:48+00:00,"Refurbished Apple Watch SE GPS + Cellular, 44 mm Aluminiumgehäuse Mitternacht, S/M Sportarmband Mitternacht - FXGL3QF/A - CHF 219.00",https://refurb-tracker.com/url/909893
2025-10-10T14:24:48+00:00,"Refurbished Apple Watch Series 10 GPS + Cellular, 42 mm Titangehäuse Natur, S/M Sportarmband Steingrau - FWXD3QF/A - CHF 479.00",https://refurb-tracker.com/url/909894
2025-10-10T14:24:48+00:00,"Refurbished Apple Watch Series 10 GPS + Cellular, 46 mm Titangehäuse Natur, M/L Sportarmband Steingrau - FWYA3QF/A - CHF 519.00",https://refurb-tracker.com/url/909895
2025-11-06T07:48:46+00:00,"Refurbished Apple Watch Series 10 GPS, 46 mm Aluminiumgehäuse Silber, S/M Sportarmband Denim - FWWL3QF/A - CHF 289.00",https://refurb-tracker.com/url/908140
2025-11-08T06:31:13+00:00,"Refurbished Apple Watch Series 10 GPS, 46 mm Aluminiumgehäuse Silber, S/M Sportarmband Denim - FWWL3QF/A - CHF 289.00",https://refurb-tracker.com/url/908140
2025-11-08T06:31:13+00:00,"Refurbished Apple Watch SE GPS + Cellular, 40 mm Aluminiumgehäuse Mitternacht, S/M Sportarmband Mitternacht - FXGC3QF/A - CHF 189.00",https://refurb-tracker.com/url/909419
2025-11-11T13:44:39+00:00,"Refurbished Apple Watch Series 10 GPS + Cellular, 42 mm Titangehäuse Natur, S/M Sportarmband Steingrau - FWXD3QF/A - CHF 479.00",https://refurb-tracker.com/url/909894
2025-11-12T20:03:38+00:00,"Refurbished Apple Watch SE GPS + Cellular, 40 mm Aluminiumgehäuse Silber, S/M Sportarmband Denim - FXGF3QF/A - CHF 189.00",https://refurb-tracker.com/url/909822
2025-11-13T15:57:37+00:00,"Refurbished Apple Watch Series 10 GPS + Cellular, 42 mm Titangehäuse Natur, S/M Sportarmband Steingrau - FWXD3QF/A - CHF 479.00",https://refurb-tracker.com/url/909894
2025-11-14T21:14:28+00:00,"Refurbished Apple Watch SE GPS + Cellular, 40 mm Aluminiumgehäuse Mitternacht, S/M Sportarmband Mitternacht - FXGC3QF/A - CHF 189.00",https://refurb-tracker.com/url/909419
2025-11-15T09:34:20+00:00,"Refurbished Apple Watch SE GPS + Cellular, 40 mm Aluminiumgehäuse Mitternacht, S/M Sportarmband Mitternacht - FXGC3QF/A - CHF 189.00",https://refurb-tracker.com/url/909419
2025-11-17T17:14:55+00:00,"Refurbished Apple Watch SE GPS + Cellular, 40 mm Aluminiumgehäuse Mitternacht, S/M Sportarmband Mitternacht - FXGC3QF/A - CHF 189.00",https://refurb-tracker.com/url/909419
2025-11-18T14:51:53+00:00,"Refurbished Apple Watch Series 10 GPS + Cellular, 42 mm Titangehäuse Natur, M/L Sportarmband Steingrau - FWXE3QF/A - CHF 479.00",https://refurb-tracker.com/url/909567
2025-11-21T23:36:13+00:00,"Refurbished Apple Watch Series 10 GPS + Cellular, 42 mm Titangehäuse Natur, S/M Sportarmband Steingrau - FWXD3QF/A - CHF 479.00",https://refurb-tracker.com/url/909894
2025-11-25T10:47:45+00:00,"Refurbished Apple Watch Series 10 GPS, 46 mm Aluminiumgehäuse Silber, S/M Sportarmband Denim - FWWL3QF/A - CHF 289.00",https://refurb-tracker.com/url/908140
2025-11-29T12:57:31+00:00,"Refurbished Apple Watch SE GPS + Cellular, 40 mm Aluminiumgehäuse Mitternacht, M/L Sportarmband Mitternacht - FXGD3QF/A - CHF 189.00",https://refurb-tracker.com/url/909892
2025-12-01T09:18:20+00:00,"Refurbished Apple Watch SE GPS + Cellular, 40 mm Aluminiumgehäuse Mitternacht, M/L Sportarmband Mitternacht - FXGD3QF/A - CHF 189.00",https://refurb-tracker.com/url/909892
2025-12-01T20:17:15+00:00,"Refurbished Apple Watch Series 10 GPS + Cellular, 42 mm Titangehäuse Natur, S/M Sportarmband Steingrau - FWXD3QF/A - CHF 479.00",https://refurb-tracker.com/url/909894
2025-12-02T08:28:03+00:00,"Refurbished Apple Watch SE GPS + Cellular, 40 mm Aluminiumgehäuse Polarstern, S/M Sportarmband Polarstern - FXGJ3QF/A - CHF 189.00",https://refurb-tracker.com/url/908810
2025-12-02T20:51:01+00:00,"Refurbished Apple Watch SE GPS, 40 mm Aluminiumgehäuse Silber, M/L Sportarmband Denim - FXED3QF/A - CHF 149.00",https://refurb-tracker.com/url/909821
2025-12-03T20:50:51+00:00,"Refurbished Apple Watch SE GPS, 40 mm Aluminiumgehäuse Mitternacht, S/M Sportarmband Mitternacht - FXE73QF/A - CHF 149.00",https://refurb-tracker.com/url/908806
2025-12-04T16:38:21+00:00,"Refurbished Apple Watch SE GPS + Cellular, 40 mm Aluminiumgehäuse Polarstern, S/M Sportarmband Polarstern - FXGJ3QF/A - CHF 189.00",https://refurb-tracker.com/url/908810
2025-12-05T16:57:59+00:00,"Refurbished Apple Watch SE GPS + Cellular, 40 mm Aluminiumgehäuse Mitternacht, M/L Sportarmband Mitternacht - FXGD3QF/A - CHF 189.00",https://refurb-tracker.com/url/909892
2025-12-06T18:07:36+00:00,"Refurbished Apple Watch SE GPS + Cellular, 40 mm Aluminiumgehäuse Polarstern, S/M Sportarmband Polarstern - FXGJ3QF/A - CHF 189.00",https://refurb-tracker.com/url/908810
2025-12-08T19:39:03+00:00,"Refurbished Apple Watch SE GPS + Cellular, 40 mm Aluminiumgehäuse Polarstern, S/M Sportarmband Polarstern - FXGJ3QF/A - CHF 189.00",https://refurb-tracker.com/url/908810
2025-12-08T21:10:33+00:00,"Refurbished Apple Watch SE GPS, 40 mm Aluminiumgehäuse Mitternacht, S/M Sportarmband Mitternacht - FXE73QF/A - CHF 149.00",https://refurb-tracker.com/url/908806
2025-12-09T15:19:41+00:00,"Refurbished Apple Watch SE GPS, 40 mm Aluminiumgehäuse Mitternacht, S/M Sportarmband Mitternacht - FXE73QF/A - CHF 149.00",https://refurb-tracker.com/url/908806
2025-12-09T21:20:54+00:00,"Refurbished Apple Watch Series 10 GPS, 46 mm Aluminiumgehäuse Silber, S/M Sportarmband Denim - FWWL3QF/A - CHF 289.00",https://refurb-tracker.com/url/908140
2025-12-10T14:20:52+00:00,"Refurbished Apple Watch Series 10 GPS + Cellular, 42 mm Titangehäuse Natur, M/L Sportarmband Steingrau - FWXE3QF/A - CHF 479.00",https://refurb-tracker.com/url/909567
2025-12-10T17:52:05+00:00,"Refurbished Apple Watch SE GPS + Cellular, 40 mm Aluminiumgehäuse Polarstern, S/M Sportarmband Polarstern - FXGJ3QF/A - CHF 189.00",https://refurb-tracker.com/url/908810
2025-12-11T08:42:24+00:00,"Refurbished Apple Watch SE GPS + Cellular, 40 mm Aluminiumgehäuse Polarstern, S/M Sportarmband Polarstern - FXGJ3QF/A - CHF 189.00",https://refurb-tracker.com/url/908810
2025-12-11T17:52:07+00:00,"Refurbished Apple Watch SE GPS, 40 mm Aluminiumgehäuse Silber, M/L Sportarmband Denim - FXED3QF/A - CHF 149.00",https://refurb-tracker.com/url/909821
2025-12-13T13:14:28+00:00,"Refurbished Apple Watch SE GPS + Cellular, 40 mm Aluminiumgehäuse Silber, S/M Sportarmband Denim - FXGF3QF/A - CHF 189.00",https://refurb-tracker.com/url/909822
2025-12-13T14:15:25+00:00,"Refurbished Apple Watch Series 10 GPS, 46 mm Aluminiumgehäuse Silber, S/M Sportarmband Denim - FWWL3QF/A - CHF 289.00",https://refurb-tracker.com/url/908140
2025-12-13T20:34:10+00:00,"Refurbished Apple Watch Series 10 GPS + Cellular, 42 mm Titangehäuse Natur, S/M Sportarmband Steingrau - FWXD3QF/A - CHF 479.00",https://refurb-tracker.com/url/909894
2025-12-13T23:02:01+00:00,"Refurbished Apple Watch SE GPS + Cellular, 40 mm Aluminiumgehäuse Mitternacht, S/M Sportarmband Mitternacht - FXGC3QF/A - CHF 189.00",https://refurb-tracker.com/url/909419
2025-12-14T09:08:10+00:00,"Refurbished Apple Watch SE GPS, 40 mm Aluminiumgehäuse Mitternacht, S/M Sportarmband Mitternacht - FXE73QF/A - CHF 149.00",https://refurb-tracker.com/url/908806
2025-12-14T12:32:17+00:00,"Refurbished Apple Watch SE GPS, 40 mm Aluminiumgehäuse Polarstern, S/M Sportarmband Polarstern - FXEF3QF/A - CHF 149.00",https://refurb-tracker.com/url/908807
2025-12-14T13:02:40+00:00,"Refurbished Apple Watch SE GPS, 40 mm Aluminiumgehäuse Mitternacht, S/M Sportarmband Mitternacht - FXE73QF/A - CHF 149.00",https://refurb-tracker.com/url/908806
2025-12-14T16:15:33+00:00,"Refurbished Apple Watch Series 10 GPS, 46 mm Aluminiumgehäuse Silber, S/M Sportarmband Denim - FWWL3QF/A - CHF 289.00",https://refurb-tracker.com/url/908140
2025-12-14T17:38:52+00:00,"Refurbished Apple Watch SE GPS, 40 mm Aluminiumgehäuse Mitternacht, S/M Sportarmband Mitternacht - FXE73QF/A - CHF 149.00",https://refurb-tracker.com/url/908806
2025-12-15T07:43:57+00:00,"Refurbished Apple Watch Series 10 GPS, 42 mm Aluminiumgehäuse Roségold, M/L Sportarmband Blassrosa - FWWJ3QF/A - CHF 269.00",https://refurb-tracker.com/url/907675
2025-12-15T10:53:03+00:00,"Refurbished Apple Watch SE GPS, 40 mm Aluminiumgehäuse Polarstern, S/M Sportarmband Polarstern - FXEF3QF/A - CHF 149.00",https://refurb-tracker.com/url/908807
2025-12-15T11:33:53+00:00,"Refurbished Apple Watch SE GPS, 40 mm Aluminiumgehäuse Mitternacht, S/M Sportarmband Mitternacht - FXE73QF/A - CHF 149.00",https://refurb-tracker.com/url/908806
2025-12-15T20:13:24+00:00,"Refurbished Apple Watch SE GPS, 40 mm Aluminiumgehäuse Polarstern, S/M Sportarmband Polarstern - FXEF3QF/A - CHF 149.00",https://refurb-tracker.com/url/908807
2025-12-15T21:09:40+00:00,"Refurbished Apple Watch SE GPS + Cellular, 40 mm Aluminiumgehäuse Mitternacht, M/L Sportarmband Mitternacht - FXGD3QF/A - CHF 189.00",https://refurb-tracker.com/url/909892
2025-12-16T21:10:12+00:00,"Refurbished Apple Watch Series 10 GPS, 42 mm Aluminiumgehäuse Roségold, M/L Sportarmband Blassrosa - FWWJ3QF/A - CHF 269.00",https://refurb-tracker.com/url/907675
2025-12-17T16:51:38+00:00,"Refurbished Apple Watch Series 10 GPS, 42 mm Aluminiumgehäuse Roségold, M/L Sportarmband Blassrosa - FWWJ3QF/A - CHF 269.00",https://refurb-tracker.com/url/907675
2025-12-18T00:17:25+00:00,"Refurbished Apple Watch Series 10 GPS, 46 mm Aluminiumgehäuse Silber, S/M Sportarmband Denim - FWWL3QF/A - CHF 289.00",https://refurb-tracker.com/url/908140
